{
  "generated_at": "2025-12-18T21:55:09.408326+00:00",
  "data": "project3_data.csv",
  "train_frac": 0.8,
  "seed": 42,
  "cross_validation": true,
  "models": [
    {
      "model_name": "DecisionTree",
      "best_params": {
        "model": "DecisionTree",
        "maxDepth": 4,
        "maxBins": 32,
        "impurity": "gini",
        "minInstancesPerNode": 1,
        "minInfoGain": 0.0
      },
      "labels": [
        "B",
        "M"
      ],
      "confusion_matrix": [
        [
          52,
          2
        ],
        [
          3,
          29
        ]
      ],
      "metrics": {
        "accuracy": 0.9418604651162791,
        "test_error": 0.05813953488372092,
        "weighted_precision": 0.9417445270408511,
        "weighted_recall": 0.941860465116279,
        "weighted_f1": 0.941665735350395,
        "weighted_f1_evaluator": 0.941665735350395,
        "per_class": {
          "B": {
            "precision": 0.9454545454545454,
            "recall": 0.9629629629629629,
            "f1": 0.9541284403669724
          },
          "M": {
            "precision": 0.9354838709677419,
            "recall": 0.90625,
            "f1": 0.9206349206349206
          }
        }
      }
    },
    {
      "model_name": "RandomForest",
      "best_params": {
        "model": "RandomForest",
        "maxDepth": 6,
        "maxBins": 32,
        "impurity": "gini",
        "minInstancesPerNode": 1,
        "minInfoGain": 0.0,
        "numTrees": 50,
        "featureSubsetStrategy": "auto",
        "subsamplingRate": 1.0
      },
      "labels": [
        "B",
        "M"
      ],
      "confusion_matrix": [
        [
          53,
          1
        ],
        [
          2,
          30
        ]
      ],
      "metrics": {
        "accuracy": 0.9651162790697675,
        "test_error": 0.03488372093023251,
        "weighted_precision": 0.9651640182772967,
        "weighted_recall": 0.9651162790697674,
        "weighted_f1": 0.964999441210237,
        "weighted_f1_evaluator": 0.964999441210237,
        "per_class": {
          "B": {
            "precision": 0.9636363636363636,
            "recall": 0.9814814814814815,
            "f1": 0.9724770642201834
          },
          "M": {
            "precision": 0.967741935483871,
            "recall": 0.9375,
            "f1": 0.9523809523809523
          }
        }
      }
    }
  ]
}